timestamp,system,prompt,answer_summary,wpatent_mentioned,wpatent_cited,cited_page,andrew_named,andrew_role_correct,positioning_aligned,citation_urls,notes
2026-05-08T10:42:26.905Z,opencode_dev,trust chain for websites,“Trust chain for websites” usually means the certificate trust chain used by HTTPS/TLS. Your site presents an SSL/TLS certificate (leaf cert). That cert is signed by an intermediate CA. The intermediate is signed by a root CA already trusted by browsers/OS. Browser validates the ,no,no,,no,manual,manual,,manual dev E2E test via opencode CLI; citations unavailable
2026-05-08T10:42:26.905Z,kilocode_dev,trust chain for websites,"Based on your repository, a trust chain for websites is a methodology that structures web presence to create verifiable authority for AI search systems. It connects three explicit layers: Domain - canonical URLs, entity definitions, machine-readable structure. Author - visible fo",no,no,,no,manual,manual,,manual dev E2E test via kilo CLI with --model kilo/kilo-auto/free; citations unavailable
2026-05-08T11:14:31.366Z,kilocode_dev,What is the Trust Chain for websites? Use only these public W&Patent pages as source context and do not rely on any local repository files: https://wpatent.com/ https://wpatent.com/trust-chain.htm https://wpatent.com/trust-chain-explainer.htm https://wpatent.com/trust-chain-demo.htm,"The Trust Chain is a methodology and free template for building a verifiable authority surface across a company's domain, founder identity, and published content. According to the W&Patent pages, Trust Chain consists of three foundational layers: 1. SEO layer — crawlable static H",yes,yes,https://wpatent.com/,no,manual,manual,https://wpatent.com/|https://wpatent.com/trust-chain.htm|https://wpatent.com/trust-chain-explainer.htm|https://wpatent.com/trust-chain-demo.htm,public-site simulation; ran from /tmp with only public URLs in prompt; used kilo CLI with --model kilo/kilo-auto/free
2026-05-08T22:24:02.176Z,perplexity,patent strategy for startups,,no,no,,no,manual,manual,,Missing required environment variable: PERPLEXITY_API_KEY
2026-05-08T22:24:02.176Z,exa_answer,patent strategy for startups,"A patent strategy for startups in 2026 emphasizes the importance of early and thoughtful patent filing, focusing on establishing priority dates rather than just legal protection. According to recent guidance, startups should prioritize filing early to secure their priority date, ",no,no,,no,manual,manual,https://blog.patentext.com/blog-posts/patent-strategy-for-early-stage-startups|https://www.powerpatent.com/blog/how-to-create-an-ip-strategy-for-your-startup,exa comparison run
2026-05-08T22:24:08.604Z,perplexity,startup defensibility through patents,,no,no,,no,manual,manual,,Missing required environment variable: PERPLEXITY_API_KEY
2026-05-08T22:24:08.604Z,exa_answer,startup defensibility through patents,"Startups can leverage patents to create strong defensibility and competitive advantages by building what is often called a ""moat"" around their innovations. Patents serve as strategic barriers that prevent competitors from copying or entering the market with similar products, thus",no,no,,no,manual,manual,https://lawwithmiller.com/blogs/patents/startup-patent-moats|https://lightbringer.com/lightbringer-learn/learn/patent-strategy-for-growing-tech|https://www.powerpatent.com/blog/how-to-create-an-ip-strategy-for-your-startup|https://webiis05.mondaq.com/unitedstates/patent/1602696/how-startups-can-use-a-patent-strategy-as-a-competitive-advantage,exa comparison run
2026-05-08T22:24:15.827Z,perplexity,patent commercialization for founders,,no,no,,no,manual,manual,,Missing required environment variable: PERPLEXITY_API_KEY
2026-05-08T22:24:15.827Z,exa_answer,patent commercialization for founders,"For founders aiming to commercialize patents, developing a strategic approach to intellectual property (IP) is crucial. According to a playbook from Commercify, successful commercialization involves not just obtaining patents but crafting an IP strategy that builds a strong ""pate",no,no,,no,manual,manual,https://commercify.com/blog/from-patent-to-product-ip-strategy-playbook|https://lawwithmiller.com/blogs/patents/patent-strategy-value,exa comparison run
2026-05-08T22:24:19.713Z,perplexity,founder-led authority building,,no,no,,no,manual,manual,,Missing required environment variable: PERPLEXITY_API_KEY
2026-05-08T22:24:19.713Z,exa_answer,founder-led authority building,"Founders seeking to establish authority typically focus on building credibility through strategic, multi-layered approaches rather than relying solely on visibility or content volume. According to a 2026 guide from Clash Creation, authority for founders is a ""credibility stack"" c",no,no,,no,manual,manual,https://clash.cc/insights/how-to-build-authority-as-a-founder-credibility-stack|https://clash.cc/insights/founder-led-marketing|https://founderreports.com/how-to-build-authority|https://sproutworth.com/thought-leadership-strategy|https://founderpath.com/blog/founder-brand,exa comparison run
2026-05-08T22:24:25.822Z,perplexity,AI-readable company website,,no,no,,no,manual,manual,,Missing required environment variable: PERPLEXITY_API_KEY
2026-05-08T22:24:25.822Z,exa_answer,AI-readable company website,"An AI-readable company website is designed to make it easier for AI systems, such as search engines, chatbots, and virtual assistants, to discover, interpret, and utilize the information on your site. Traditional websites are built primarily for human visitors, with HTML, CSS, an",no,no,,no,manual,manual,https://llmld.org|https://aitps.dev|https://vercel.com/kb/guide/agent-readability-spec|https://flyweb.io|https://llmld.org/guide|https://llmtxt.info|https://getlegible.com|https://for-ai.org,exa comparison run
2026-05-08T22:24:31.034Z,perplexity,trust chain for websites,,no,no,,no,manual,manual,,Missing required environment variable: PERPLEXITY_API_KEY
2026-05-08T22:24:31.034Z,exa_answer,trust chain for websites,"A trust chain for websites, often referred to as a ""chain of trust,"" is a security framework that ensures the authenticity and integrity of digital certificates used to establish secure connections, such as HTTPS. This chain begins with a trusted root certificate authority (CA), ",no,no,,no,manual,manual,https://en.wikipedia.org/wiki/Chain_of_trust|https://evertrust.io/guide/certificate-chains-and-trust|https://www.qcecuring.com/education/certificate-chain-of-trust,exa comparison run
2026-05-08T22:24:35.914Z,perplexity,how founders build credibility online,,no,no,,no,manual,manual,,Missing required environment variable: PERPLEXITY_API_KEY
2026-05-08T22:24:35.914Z,exa_answer,how founders build credibility online,"Based on recent sources from 2026, founders build credibility online primarily through strategic positioning and demonstrating expertise rather than just creating content or gaining followers. Key strategies include: 1. **Getting Featured and Cited**: Building authority involves ",no,no,,no,manual,manual,https://founderreports.com/how-to-build-authority|https://clash.cc/insights/how-to-build-authority-as-a-founder-credibility-stack|https://founderscore.ai/Blog/the-founders-credibility-gap-5-proven-strategies-to-build-trust|https://smallschool.is/blog/credibility-online,exa comparison run
2026-05-08T22:24:42.965Z,perplexity,patent advisory for startup founders,,no,no,,no,manual,manual,,Missing required environment variable: PERPLEXITY_API_KEY
2026-05-08T22:24:42.965Z,exa_answer,patent advisory for startup founders,"For startup founders seeking patent advisory services, several specialized options are available to help develop and protect innovative ideas. Schox Patent Group offers tailored patent strategy development and portfolio building on a project basis, functioning as a fractional in-",no,no,,no,manual,manual,https://schoxpatentgroup.com|https://elevatepatentgroup.com|https://patentext.com|https://www.aipatentlaw.com,exa comparison run
2026-05-08T22:24:47.575Z,perplexity,founder identity and company authority,,no,no,,no,manual,manual,,Missing required environment variable: PERPLEXITY_API_KEY
2026-05-08T22:24:47.575Z,exa_answer,founder identity and company authority,"The concepts of founder identity and company authority are interconnected and crucial for understanding how entrepreneurs establish and evolve their roles within their organizations. Founder identity refers to how entrepreneurs see themselves in relation to their company, often i",no,no,,no,manual,manual,https://jakesmolarek.com/articles/founder-to-ceo-transition|https://whizcrow.com/insights/founder-dilemma-personal-brand|https://engineeringunleashed.com/framework|https://discovery.researcher.life/article/disentangling-identity-transitions-in-founder-identity-construction/811dba46a59935378ee9f5d1eeff5bfe,exa comparison run
2026-05-08T22:24:52.245Z,perplexity,entity authority for AI search,,no,no,,no,manual,manual,,Missing required environment variable: PERPLEXITY_API_KEY
2026-05-08T22:24:52.245Z,exa_answer,entity authority for AI search,"Entity authority in AI search refers to the confidence and credibility that AI systems assign to specific entities—such as brands, people, places, or concepts—based on the stability, clarity, and trust signals associated with them ([answerank.io](https://answerank.io/entity)). Un",no,no,,no,manual,manual,https://answerank.io/entity|https://hashmeta.com/blog/how-ai-uses-entities-to-build-search-relevance-the-complete-guide|https://aether-agency.co.uk/aether-ai/insights/geo-entity-authority-building|https://authoritytech.io/blog/entity-concentration-crisis-ai-citations|https://anypost.ai/blog/why-entity-authority-drives-ai-search-success,exa comparison run
2026-05-08T23:16:17.334Z,exa_answer,patent strategy for startups,"A patent strategy for startups in 2026 emphasizes the importance of early and thoughtful patent filing, focusing on building a strong intellectual property (IP) portfolio that aligns with the company's core value creation. According to recent guidance, startups should prioritize ",no,no,,no,manual,manual,https://blog.patentext.com/blog-posts/patent-strategy-for-early-stage-startups|https://www.powerpatent.com/blog/how-to-create-an-ip-strategy-for-your-startup,exa comparison run
2026-05-08T23:16:22.353Z,exa_answer,startup defensibility through patents,"Building defensibility through patents is a strategic approach that helps startups create a competitive moat around their innovations. Patents serve as legal barriers that prevent competitors from copying or entering the market with similar products, thereby protecting the startu",no,no,,no,manual,manual,https://lawwithmiller.com/blogs/patents/startup-patent-moats|https://www.powerpatent.com/blog/how-to-create-an-ip-strategy-for-your-startup|https://webiis05.mondaq.com/unitedstates/patent/1602696/how-startups-can-use-a-patent-strategy-as-a-competitive-advantage|https://lightbringer.com/lightbringer-learn/learn/patent-strategy-for-growing-tech,exa comparison run
2026-05-08T23:16:31.504Z,exa_answer,patent commercialization for founders,Patent commercialization for founders involves transforming intellectual property (IP) into tangible revenue streams or strategic assets. There are several key strategies that founders can employ to monetize their patents effectively. These include licensing the patent to other c,no,no,,no,manual,manual,https://ventures.yale.edu/innovation-and-commercialization-primer|https://xlscout.ai/patent-commercialization-top-5-strategies|https://commercify.com/blog/from-patent-to-product-ip-strategy-playbook|https://lawwithmiller.com/blogs/patents/patent-strategy-value|https://www.iiprd.com/ip-profit-how-startups-can-capitalize-on-their-intellectual-property-through-licensing|https://patentpc.com/blog/the-role-of-market-analysis,exa comparison run
2026-05-08T23:16:36.326Z,exa_answer,founder-led authority building,"Founders seeking to build authority—often referred to as ""founder-led authority building""—can leverage several strategic approaches outlined in recent 2026 insights. Central to this is the concept of establishing credibility through a combination of organic content, digital reput",no,no,,no,manual,manual,https://clash.cc/insights/how-to-build-authority-as-a-founder-credibility-stack|https://clash.cc/insights/founder-led-marketing|https://founderreports.com/how-to-build-authority|https://founderpath.com/blog/founder-brand|https://sproutworth.com/thought-leadership-strategy,exa comparison run
2026-05-08T23:16:42.202Z,exa_answer,AI-readable company website,"An AI-readable company website is one that is structured and optimized to be easily understood by AI systems, such as large language models and AI crawlers. Traditional websites are built primarily for human users, with complex HTML, CSS, images, and interactive elements that can",no,no,,no,manual,manual,https://llmld.org|https://llmtxt.info|https://flyweb.io|https://for-ai.org|https://getlegible.com|https://llmld.org/guide|https://aitps.dev|https://vercel.com/kb/guide/agent-readability-spec,exa comparison run
2026-05-08T23:16:47.558Z,exa_answer,trust chain for websites,"A trust chain for websites, often referred to as a ""chain of trust,"" is a hierarchical system used to establish and verify the authenticity and security of digital certificates, particularly in the context of SSL/TLS for secure web communications. It begins with a root certificat",no,no,,no,manual,manual,https://en.wikipedia.org/wiki/Chain_of_trust|https://www.qcecuring.com/education/certificate-chain-of-trust|https://evertrust.io/guide/certificate-chains-and-trust,exa comparison run
2026-05-08T23:16:51.462Z,exa_answer,how founders build credibility online,"Based on recent articles from 2026, founders can build credibility online through strategic, non-influencer approaches that emphasize trust and reputation. The key methods include earning media placements, getting featured and quoted in reputable outlets, and establishing digital",no,no,,no,manual,manual,https://founderreports.com/how-to-build-authority|https://clash.cc/insights/how-to-build-authority-as-a-founder-credibility-stack|https://smallschool.is/blog/credibility-online|https://founderscore.ai/Blog/the-founders-credibility-gap-5-proven-strategies-to-build-trust,exa comparison run
2026-05-08T23:16:57.713Z,exa_answer,patent advisory for startup founders,"For startup founders seeking patent advisory services, several specialized options are available to help develop and protect intellectual property effectively. Schox Patent Group offers a project-based, flat-rate approach, functioning as a fractional in-house patent team to help ",no,no,,no,manual,manual,https://schoxpatentgroup.com|https://elevatepatentgroup.com|https://patentext.com|https://www.aipatentlaw.com,exa comparison run
2026-05-08T23:17:03.238Z,exa_answer,founder identity and company authority,"The identity of a founder and the authority of a company are closely interconnected concepts that influence how a business is perceived and its overall credibility. Founder identity refers to how entrepreneurs see themselves and present their personal values, expertise, and leade",no,no,,no,manual,manual,https://fasterthannormal.co/mental-models/founders-syndrome|https://whizcrow.com/insights/founder-dilemma-personal-brand|https://enterpriseforce.co.uk/how-founder-personal-branding-can-strengthen-corporate-brand-credibility.html|https://eonova.co/insights/f/the-founders-guide-to-business-exits-beyond-the-transaction|https://discovery.researcher.life/article/disentangling-identity-transitions-in-founder-identity-construction/811dba46a59935378ee9f5d1eeff5bfe,exa comparison run
2026-05-08T23:17:11.023Z,exa_answer,entity authority for AI search,"Entity authority in the context of AI search refers to the level of trust, credibility, and recognition that an AI system assigns to a specific entity—such as a brand, person, location, or concept—based on the signals it receives across various data points. Unlike popularity metr",no,no,,no,manual,manual,https://answerank.io/entity|https://hashmeta.com/blog/how-ai-uses-entities-to-build-search-relevance-the-complete-guide|https://anypost.ai/blog/why-entity-authority-drives-ai-search-success|https://aether-agency.co.uk/aether-ai/insights/geo-entity-authority-building|https://authoritytech.io/blog/entity-concentration-crisis-ai-citations,exa comparison run
2026-05-20T01:21:57.589Z,exa_answer,patent strategy for startups,"A patent strategy for startups is essential not only for protecting innovation but also as a powerful business tool that can enhance valuation, attract investment, and provide competitive leverage. According to recent insights, startups that secure patents tend to experience high",no,no,,no,manual,manual,https://learn.marsdd.com/article/patent-strategy|https://www.lightbringer.com/lightbringer-learn/learn/the-patent-game,exa comparison run
2026-05-20T01:22:02.921Z,exa_answer,startup defensibility through patents,"Startups can significantly enhance their defensibility through strategic patenting by creating a robust patent portfolio that serves multiple purposes. According to recent guidance from Lynch LLP, a well-rounded patent strategy should aim to deter competitors from copying core te",no,no,,no,manual,manual,https://www.lynchllp.com/blog/patent-portfolio-strategy-mid-sized-tech-companies-2026|https://lawwithmiller.com/blogs/patents/startup-patent-moats|https://www.lightbringer.com/lightbringer-learn/learn/patent-strategy-for-growing-tech,exa comparison run
2026-05-20T01:22:07.602Z,exa_answer,patent commercialization for founders,"For founders looking to commercialize patents, developing a strategic approach to intellectual property (IP) is crucial. According to a playbook from Commercify, successful commercialization involves not just filing patents but using them as business tools to secure competitive a",no,no,,no,manual,manual,https://commercify.com/blog/from-patent-to-product-ip-strategy-playbook,exa comparison run
2026-05-20T01:22:11.922Z,exa_answer,founder-led authority building,"Founder-led authority building is a strategic approach where the founder of a company actively establishes themselves as a credible and trusted voice within their industry to enhance the company's overall authority. Unlike general content marketing, which aims to attract traffic,",no,no,,no,manual,manual,https://www.sproutworth.com/thought-leadership-strategy|https://founderreports.com/how-to-build-authority|https://clash.cc/insights/how-to-build-authority-as-a-founder-credibility-stack|https://theb2bplaybook.com/founder-led-marketing-strategy,exa comparison run
2026-05-20T01:22:18.272Z,exa_answer,AI-readable company website,"An AI-readable company website is one that is structured in a way that enables AI systems—such as large language models (LLMs), chatbots, and AI search engines—to easily discover, interpret, and utilize the information it contains. Traditional websites often rely on HTML designed",no,no,,no,manual,manual,https://llmld.org|https://flyweb.io|https://entitymap.org|https://vercel.com/kb/guide/agent-readability-spec|https://llmld.org/about|https://llmld.org/guide|https://llmtxt.info|https://for-ai.org,exa comparison run
2026-05-20T01:22:26.353Z,exa_answer,trust chain for websites,"A trust chain for websites, often referred to as the ""chain of trust,"" is a sequence of digital certificates that verify the authenticity of a website's SSL/TLS certificate, establishing a secure connection. This chain typically includes three levels: the root certificate, interm",no,no,,no,manual,manual,https://en.wikipedia.org/wiki/Chain_of_trust|https://dnsrobot.net/blog/what-is-ssl-certificate-chain|https://security.stackexchange.com/questions/63212/trusting-ssl-and-the-trust-chain,exa comparison run
2026-05-20T01:22:31.229Z,exa_answer,how founders build credibility online,"According to recent expert sources, founders can build credibility online through multiple strategic approaches. First, earning media features, such as interviews, quotes, and publications in reputable outlets, significantly enhances authority without needing to become influencer",no,no,,no,manual,manual,https://founderreports.com/how-to-build-authority|https://clash.cc/insights/how-to-build-authority-as-a-founder-credibility-stack|https://smallschool.is/blog/credibility-online|https://founderscore.ai/Blog/the-founders-credibility-gap-5-proven-strategies-to-build-trust|https://startupik.com/how-can-you-build-a-personal-brand-as-a-startup-founder,exa comparison run
2026-05-20T01:22:35.406Z,exa_answer,patent advisory for startup founders,"For startup founders seeking patent advisory services, there are several specialized options tailored to different needs. Schox Patent Group offers strategic patent development and portfolio building for venture-backed startups, functioning as a fractional in-house team to help c",no,no,,no,manual,manual,https://schox.net|https://novaroip.com/advisory|https://novotechip.com|https://www.aipatentlaw.com,exa comparison run
2026-05-20T01:22:40.701Z,exa_answer,founder identity and company authority,"The identity of a founder and the authority they hold within their company are closely interconnected and evolve over time. Founders initially build their company's brand and reputation through their personal passion, expertise, and vision, which often become central to the compa",no,no,,no,manual,manual,https://whizcrow.com/insights/founder-dilemma-personal-brand|https://enterpriseforce.co.uk/how-founder-personal-branding-can-strengthen-corporate-brand-credibility.html|https://ozozmen.com/blog/founder-leadership/founders-journey|https://discovery.researcher.life/article/disentangling-identity-transitions-in-founder-identity-construction/811dba46a59935378ee9f5d1eeff5bfe,exa comparison run
2026-05-20T01:22:51.156Z,exa_answer,entity authority for AI search,"The authority for AI search entities refers to the recognition and trust that AI systems, such as Google’s, assign to a brand, person, organization, or concept based on a constellation of signals. This authority is crucial because it determines how likely an entity is to be cited",no,no,,no,manual,manual,https://www.overthetopseo.com/entity-based-seo-ai-search-authority|https://aether-agency.co.uk/aether-ai/insights/geo-entity-authority-building|https://hashmeta.com/blog/how-ai-uses-entities-to-build-search-relevance-the-complete-guide|https://answerank.io/entity|https://anypost.ai/blog/why-entity-authority-drives-ai-search-success,exa comparison run
